"ID","CREATED_AT","UPDATED_AT","DELETED_AT","MEMO","BIRTHDAY","DEPARTMENT_ID","PASSWORD","LOGIN_ID","NAME"
"123","2012/06/11 00:00:00.0","2012/07/11 00:00:00.0",,"メモメモ","2013/06/25","34567","30df36bca9ee50b4954b067863ea2bc2ad8f1543","ytaro","山田タロウ"
"124","2012/06/11 00:00:00.0","2012/07/11 00:00:00.0",,"メモメモ","2013/06/25","34567","30df36bca9ee50b4954b067863ea2bc2ad8f1543","jtanaka","田中ジロー"
"125","2012/06/11 00:00:00.0","2012/07/11 00:00:00.0",,"メモメモ","2013/06/25","34567","30df36bca9ee50b4954b067863ea2bc2ad8f1543","kidakida","キダタロー"
"126","2012/06/11 00:00:00.0","2012/07/11 00:00:00.0",,"メモメモ","2013/06/25","34567","30df36bca9ee50b4954b067863ea2bc2ad8f1543","jirojiro","ジロー本店"
"127","2012/06/11 00:00:00.0","2012/07/11 00:00:00.0",,"メモメモ","2013/06/25","34567","30df36bca9ee50b4954b067863ea2bc2ad8f1543","nagabuchi","世界のナガブチ"
"128","2012/06/11 00:00:00.0","2012/07/11 00:00:00.0",,"メモメモ","2013/06/25","34567","30df36bca9ee50b4954b067863ea2bc2ad8f1543","andore","アンドレ"
"129","2012/06/11 00:00:00.0","2012/07/11 00:00:00.0",,"メモメモ","2013/06/25","34567","30df36bca9ee50b4954b067863ea2bc2ad8f1543","zmasa","マサ斎藤"
"130","2012/06/11 00:00:00.0","2012/07/11 00:00:00.0",,"メモメモ","2013/06/25","34567","30df36bca9ee50b4954b067863ea2bc2ad8f1543","akira","結城明"
"131","2012/06/11 00:00:00.0","2012/07/11 00:00:00.0",,"メモメモ","2013/06/25","34567","30df36bca9ee50b4954b067863ea2bc2ad8f1543","hirohiro","首藤ヒロ"
"132","2012/06/11 00:00:00.0","2012/07/11 00:00:00.0",,"メモメモ","2013/06/25","34567","30df36bca9ee50b4954b067863ea2bc2ad8f1543","erika","河田エリカ"
"133","2012/06/11 00:00:00.0","2012/07/11 00:00:00.0",,"メモメモ","2013/06/25","34567","30df36bca9ee50b4954b067863ea2bc2ad8f1543","hangyo","半魚人"
"134","2012/06/11 00:00:00.0","2012/07/11 00:00:00.0",,"メモメモ","2013/06/25","34567","30df36bca9ee50b4954b067863ea2bc2ad8f1543","bman123","バットマン"
"135","2012/06/11 00:00:00.0","2012/07/11 00:00:00.0",,"メモメモ","2013/06/25","34567","30df36bca9ee50b4954b067863ea2bc2ad8f1543","czzzzz","キャプテンゾンビ"
"136","2012/06/11 00:00:00.0","2012/07/11 00:00:00.0",,"メモメモ","2013/06/25","34567","30df36bca9ee50b4954b067863ea2bc2ad8f1543","genjin","北京原人"
"137","2012/06/11 00:00:00.0","2012/07/11 00:00:00.0",,"メモメモ","2013/06/25","34567","30df36bca9ee50b4954b067863ea2bc2ad8f1543","inosato","イノウエ・サトウ"
